{
  "type": "poi",
  "id": "ta:poi:3166925",
  "label": "Chez Eric",
  "name": "Chez Eric",
  "coord": {
    "lon": 5.69365,
    "lat": 43.835431
  },
  "approx_coord": {
    "coordinates": [
      5.69365,
      43.835431
    ],
    "type": "Point"
  },
  "administrative_regions": [
    {
      "type": "admin",
      "id": "admin:osm:relation:1240255",
      "insee": "04128",
      "level": 8,
      "label": "Montfuron (04110), Alpes-de-Haute-Provence, Provence-Alpes-Côte d'Azur, France",
      "name": "Montfuron",
      "zip_codes": [
        "04110"
      ],
      "weight": 1.5E-7,
      "approx_coord": null,
      "coord": {
        "lon": 5.6943864,
        "lat": 43.8354481
      },
      "administrative_regions": [],
      "bbox": [
        5.6501757,
        43.8075859,
        5.7298789999999995,
        43.8501263
      ],
      "zone_type": "city",
      "parent_id": "admin:osm:relation:7380",
      "country_codes": [],
      "codes": {
        "ref:INSEE": "04128",
        "wikidata": "Q1018635"
      },
      "names": {},
      "labels": {},
      "context": null
    },
    {
      "type": "admin",
      "id": "admin:osm:relation:7380",
      "insee": "04",
      "level": 6,
      "label": "Alpes-de-Haute-Provence, Provence-Alpes-Côte d'Azur, France",
      "name": "Alpes-de-Haute-Provence",
      "zip_codes": [],
      "weight": 1.1719142857142856E-4,
      "approx_coord": null,
      "coord": {
        "lon": 6.2351431,
        "lat": 44.0918144
      },
      "administrative_regions": [],
      "bbox": [
        5.4964230999999995,
        43.6682255,
        6.9689308,
        44.6599148
      ],
      "zone_type": "state_district",
      "parent_id": "admin:osm:relation:8654",
      "country_codes": [],
      "codes": {
        "ISO3166-2": "FR-04",
        "ref:INSEE": "04",
        "ref:nuts": "FRL01",
        "ref:nuts:3": "FRL01",
        "wikidata": "Q3131"
      },
      "names": {
        "br": "Alpoù-Provañs-Uhel",
        "ca": "Alps de l'Alta Provença",
        "es": "Alpes de Alta Provenza",
        "fr": "Alpes-de-Haute-Provence"
      },
      "labels": {},
      "context": null
    },
    {
      "type": "admin",
      "id": "admin:osm:relation:8654",
      "insee": "93",
      "level": 4,
      "label": "Provence-Alpes-Côte d'Azur, France",
      "name": "Provence-Alpes-Côte d'Azur",
      "zip_codes": [],
      "weight": 0.0036091657142857145,
      "approx_coord": null,
      "coord": {
        "lon": 5.3699525,
        "lat": 43.2961743
      },
      "administrative_regions": [],
      "bbox": [
        4.2301364,
        42.9820137,
        7.7184776,
        45.1266002
      ],
      "zone_type": "state",
      "parent_id": "admin:osm:relation:2202162",
      "country_codes": [],
      "codes": {
        "ISO3166-2": "FR-PAC",
        "ref:INSEE": "93",
        "ref:nuts": "FRL;FRL0",
        "wikidata": "Q15104"
      },
      "names": {
        "br": "Provañs-Alpoù-Aod an Azur",
        "ca": "Provença-Alps-Costa Blava",
        "en": "Provence-Alpes-Côte d'Azur",
        "es": "Provenza-Alpes-Costa Azul",
        "it": "Provenza-Alpi-Costa Azzurra"
      },
      "labels": {},
      "context": null
    },
    {
      "type": "admin",
      "id": "admin:osm:relation:2202162",
      "insee": "",
      "level": 2,
      "label": "France",
      "name": "France",
      "zip_codes": [],
      "weight": 0.04648105857142857,
      "approx_coord": null,
      "coord": {
        "lon": 2.3514616,
        "lat": 48.8566969
      },
      "administrative_regions": [],
      "bbox": [
        -5.4517733,
        41.261115499999995,
        9.8282225,
        51.3055721
      ],
      "zone_type": "country",
      "parent_id": null,
      "country_codes": [
        "FR"
      ],
      "codes": {
        "ISO3166-1": "FR",
        "ISO3166-1:alpha2": "FR",
        "ISO3166-1:alpha3": "FRA",
        "ISO3166-1:numeric": "250",
        "wikidata": "Q142"
      },
      "names": {
        "br": "Bro-C'hall",
        "ca": "França",
        "de": "Frankreich",
        "en": "France",
        "es": "Francia",
        "fr": "France",
        "it": "Francia"
      },
      "labels": {},
      "context": null
    }
  ],
  "weight": 0.321,
  "zip_codes": [
    "04110"
  ],
  "poi_type": {
    "id": "class_restaurant:subclass_sit_down",
    "name": "class_restaurant subclass_sit_down cuisine:french"
  },
  "properties": {
    "ta:average_rating": "4.5",
    "ta:photos_url": "https://www.tripadvisor.com/Restaurant_Review-g1743691-d3166925-Reviews-Chez_Eric-Vaucluse_Provence_Alpes_Cote_d_Azur.html?m=66562#photos",
    "ta:review_count": "321",
    "ta:url": "https://www.tripadvisor.com/Restaurant_Review-g1743691-d3166925-Reviews-Chez_Eric-Vaucluse_Provence_Alpes_Cote_d_Azur.html?m=66562",
    "website": "http://www.facebook.com/profile.php?id=778236518876620",
    "image": "https://media-cdn.tripadvisor.com/media/photo-o/0f/e9/04/82/photo0jpg.jpg"
  },
  "address": {
    "type": "street",
    "id": "",
    "name": "",
    "administrative_regions": [],
    "label": "1 Place Daniel Viguier, 04110 Montfuron France",
    "weight": 0.0,
    "approx_coord": null,
    "coord": {
      "lon": 5.69365,
      "lat": 43.835431
    },
    "zip_codes": [],
    "country_codes": [],
    "context": null
  },
  "country_codes": [
    "FR"
  ],
  "names": {
    "en": "Chez Eric"
  },
  "labels": {
    "en": "Chez Eric"
  },
  "context": null
}